word,count
dear,0.0014
voucher,0.0014
holder,0.0007
to,0.0418
claim,0.0070
this,0.0060
weeks,0.0011
offer,0.0011
at,0.0020
you,0.0168
pc,0.0007
please,0.0030
go,0.0020
httpwwwetlpcoukreward,0.0001
tscs,0.0010
apply,0.0017
urgent,0.0037
is,0.0094
the,0.0117
2nd,0.0014
attempt,0.0016
contact,0.0026
uu,0.0003
have,0.0071
won,0.0047
å£1000call,0.0001
09071512432,0.0001
b4,0.0003
300603tcsbcm4235wc1n3xxcallcost150ppmmobilesvary,0.0001
maxå£7,0.0003
50,0.0003
u,0.0070
r,0.0011
a,0.0235
winner,0.0013
ave,0.0003
been,0.0023
specially,0.0007
selected,0.0016
2,0.0108
receive,0.0024
å£1000,0.0023
cash,0.0043
or,0.0112
4,0.0070
holiday,0.0023
flights,0.0006
inc,0.0009
speak,0.0010
live,0.0020
operator,0.0014
0871277810710pmin,0.0001
18,0.0018
sms,0.0021
auction,0.0010
nokia,0.0036
7250i,0.0004
what,0.0009
get,0.0048
when,0.0009
win,0.0038
our,0.0038
free,0.0128
take,0.0006
part,0.0007
send,0.0034
86021,0.0006
now,0.0109
hgsuite3422lands,0.0007
roww1jhl,0.0004
16,0.0027
video,0.0007
camera,0.0021
phones,0.0010
with,0.0068
half,0.0006
price,0.0009
line,0.0013
rental,0.0006
for,0.0105
12,0.0004
mths,0.0003
and,0.0054
500,0.0018
cross,0.0003
ntwk,0.0003
mins,0.0011
100,0.0010
txts,0.0007
call,0.0172
mobileupd8,0.0006
08001950382,0.0004
call2optout674,0.0001
latest,0.0023
mobile,0.0073
ipod,0.0009
mp3,0.0004
player,0.0011
å£400,0.0006
proze,0.0001
guaranteed,0.0028
reply,0.0054
83355,0.0003
norcorp,0.0001
ltdå£150mtmsgrcvd18,0.0001
someone,0.0006
know,0.0011
has,0.0014
asked,0.0004
dating,0.0004
service,0.0017
cant,0.0004
guess,0.0004
who,0.0021
09058091854,0.0001
all,0.0013
will,0.0027
be,0.0030
revealed,0.0003
po,0.0016
box385,0.0001
m6,0.0001
6wu,0.0001
ur,0.0074
awarded,0.0018
complimentary,0.0011
trip,0.0001
eurodisinc,0.0001
trav,0.0001
acoentry41,0.0001
txt,0.0085
dis,0.0001
87121,0.0003
186å£150morefrmmob,0.0001
shracomorsglsuplt10,0.0001
ls1,0.0001
3aj,0.0001
december,0.0003
only,0.0047
had,0.0018
your,0.0155
11mths,0.0010
are,0.0053
entitled,0.0007
update,0.0017
colour,0.0011
vco,0.0001
on,0.0071
08002986906,0.0003
ve,0.0001
costa,0.0004
del,0.0004
sol,0.0004
å£5000,0.0006
await,0.0011
collection,0.0018
09050090044,0.0003
toclaim,0.0003
sae,0.0013
tc,0.0010
s,0.0006
pobox334,0.0003
stockport,0.0003
sk38xh,0.0004
costå£150pm,0.0003
max10mins,0.0003
07801543489,0.0001
latests,0.0001
phone,0.0026
40gb,0.0004
å£500,0.0011
prize,0.0045
wordcollect,0.0001
no83355,0.0001
tcllc,0.0001
nyusa,0.0001
150pmt,0.0001
msgrcvd18,0.0001
babe,0.0003
want,0.0013
me,0.0010
dont,0.0011
baby,0.0003
im,0.0004
nasty,0.0001
thing,0.0001
filthyguys,0.0001
fancy,0.0004
rude,0.0001
time,0.0009
sexy,0.0009
bitch,0.0001
how,0.0003
about,0.0003
we,0.0031
slo,0.0001
n,0.0007
hard,0.0003
xxx,0.0004
slo4msgs,0.0001
1000s,0.0003
of,0.0057
girls,0.0004
many,0.0003
local,0.0006
virgins,0.0001
ready,0.0006
4fil,0.0003
every,0.0017
sexual,0.0001
need,0.0004
can,0.0017
theirs,0.0001
text,0.0061
cute,0.0001
69911å£150p,0.0001
m,0.0007
themobhit,0.0001
link,0.0003
premium,0.0003
pink,0.0001
panther,0.0001
game,0.0007
new,0.0033
no,0.0044
1,0.0014
from,0.0067
sugababes,0.0001
crazy,0.0001
zebra,0.0001
animation,0.0001
badass,0.0001
hoody,0.0001
wallpaperall,0.0001
0871277810810,0.0001
bored,0.0003
housewives,0.0003
chat,0.0026
date,0.0007
08717507711,0.0003
btnational,0.0003
rate,0.0010
10pmin,0.0006
landlines,0.0003
hi,0.0009
07734396839,0.0001
ibh,0.0001
customer,0.0017
loyalty,0.0003
nokia6600,0.0001
å£10,0.0003
txtauctiontxt,0.0001
wordstart,0.0001
no81151,0.0001
yours,0.0007
now4t,0.0001
wanna,0.0009
laid,0.0001
2nite,0.0001
real,0.0009
dogging,0.0006
locations,0.0003
sent,0.0007
direct,0.0006
join,0.0006
uks,0.0006
largest,0.0003
network,0.0009
park,0.0001
69696,0.0003
nyt,0.0001
ec2a,0.0003
3lp,0.0003
å£150msg,0.0003
taking,0.0001
in,0.0050
survey,0.0001
yesterday,0.0003
texts,0.0009
use,0.0007
however,0.0001
wish,0.0003
just,0.0036
80160,0.0001
wwwtxt43com,0.0001
150p,0.0013
freemsg,0.0010
86888,0.0003
reward,0.0007
3,0.0014
hours,0.0003
talk,0.0004
subscribe6gbpmnth,0.0003
3hrs,0.0003
stoptxtstop,0.0003
1000,0.0003
2000,0.0004
call09050000327,0.0003
rstm,0.0003
sw7,0.0003
3ss,0.0003
150ppm,0.0021
important,0.0006
information,0.0007
orange,0.0013
user,0.0004
today,0.0009
lucky,0.0006
day2find,0.0003
out,0.0033
why,0.0009
log,0.0006
onto,0.0006
httpwwwurawinnercom,0.0004
theres,0.0004
fantastic,0.0004
surprise,0.0004
awaiting,0.0006
1st,0.0018
ringtone,0.0016
msg,0.0020
tone,0.0023
gr8,0.0006
top,0.0013
20,0.0001
tones,0.0018
week,0.0021
å£150,0.0016
per,0.0030
wk,0.0013
opt,0.0010
stop,0.0057
08452810071,0.0001
trying,0.0009
last,0.0009
weekends,0.0006
draw,0.0021
shows,0.0016
that,0.0017
å£900,0.0003
09061701851,0.0001
code,0.0014
k61,0.0001
valid,0.0007
12hours,0.0001
09066362231,0.0004
07xxxxxxxxx,0.0003
å£2000,0.0017
bonus,0.0011
caller,0.0007
020603,0.0004
reach,0.0006
asap,0.0006
explicit,0.0003
sex,0.0006
30,0.0003
secs,0.0003
ring,0.0004
02073162414,0.0003
costs,0.0003
20pmin,0.0003
contract,0.0001
11,0.0003
mnths,0.0001
motorola,0.0004
etc,0.0001
double,0.0006
tariffs,0.0001
yes,0.0013
callback,0.0003
remove,0.0001
records,0.0004
uve,0.0006
invited,0.0004
xchat,0.0004
final,0.0010
86688,0.0011
077xxx,0.0001
09066362206,0.0001
box97n7qp,0.0003
3mobile,0.0001
if,0.0018
0870,0.0006
chatlines,0.0001
inclu,0.0001
india,0.0001
cust,0.0003
servs,0.0001
sed,0.0001
l8er,0.0001
got,0.0006
mega,0.0001
bill,0.0004
giv,0.0001
shit,0.0001
bailiff,0.0001
due,0.0003
days,0.0007
i,0.0017
o,0.0001
å£250,0.0010
å£800,0.0007
voicemail,0.0001
08719181503,0.0001
some,0.0003
cock,0.0001
my,0.0004
hubbys,0.0001
away,0.0003
man,0.0001
satisfy,0.0001
wife,0.0001
89938,0.0001
strings,0.0001
action,0.0003
end,0.0011
rec,0.0001
å£150ea,0.0001
otbox,0.0001
731,0.0001
la1,0.0001
7ws,0.0001
spook,0.0007
up,0.0011
mob,0.0011
halloween,0.0004
logo,0.0006
pic,0.0010
message,0.0017
plus,0.0006
eerie,0.0004
card,0.0004
8007,0.0013
zed,0.0004
08701417012150p,0.0003
logopic,0.0004
10,0.0001
cameravideo,0.0001
save,0.0004
å£s,0.0001
textsweekend,0.0001
calls,0.0009
orno,0.0001
entry,0.0013
textpod,0.0001
chance,0.0013
pod,0.0001
84128,0.0001
wwwtextpodnet,0.0001
custcare,0.0003
08712405020,0.0003
todays,0.0014
09066358361,0.0001
land,0.0006
y87,0.0001
12hrs,0.0006
5,0.0007
polyphonic,0.0004
087018728737,0.0001
national,0.0009
toppoly,0.0001
tune,0.0001
subpoly,0.0003
81618,0.0001
å£3,0.0001
pole,0.0001
unsub,0.0004
08718727870,0.0003
tried,0.0007
re,0.0003
750,0.0004
unlimited,0.0007
camcorder,0.0006
08000930705,0.0006
free2day,0.0003
st,0.0003
georges,0.0003
day,0.0010
jordantxt,0.0003
89080,0.0003
miss,0.0003
then,0.0007
saucy,0.0003
celeb4,0.0003
more,0.0018
pics,0.0004
c,0.0011
pocketbabecouk,0.0003
0870241182716,0.0003
å£3wk,0.0003
07732584351,0.0001
rodger,0.0001
burns,0.0001
delivery,0.0010
tomorrow,0.0001
six,0.0003
chances,0.0001
20000,0.0001
pounds,0.0010
csh11,0.0001
87575,0.0003
cost,0.0013
150pday,0.0001
6days,0.0001
tsandcs,0.0001
hl,0.0003
info,0.0004
b4u,0.0001
wc,0.0001
2703,0.0001
marsms,0.0001
wwwb4utelecom,0.0001
discount,0.0006
credit,0.0004
care,0.0003
08717168528,0.0001
09050001808,0.0003
m95,0.0003
valid12hrs,0.0003
ac,0.0004
blind,0.0003
4u,0.0003
rodds1,0.0001
21m,0.0001
aberdeen,0.0001
united,0.0001
kingdom,0.0001
check,0.0003
him,0.0001
httpimg,0.0001
acwicmb3cktz8r74,0.0001
dates,0.0003
hide,0.0001
msgs,0.0001
ok,0.0003
80488,0.0001
well,0.0006
account,0.0007
0anetworks,0.0001
allow,0.0001
companies,0.0001
so,0.0016
they,0.0004
responsible,0.0001
their,0.0001
suppliers,0.0001
spanish,0.0001
09050000332,0.0001
0789xxxxxxx,0.0001
lover,0.0003
names,0.0003
joined,0.0003
by,0.0023
heart,0.0003
love,0.0007
name1,0.0003
name2,0.0003
mobno,0.0003
eg,0.0007
adam,0.0003
eve,0.0003
07123456789,0.0003
87077,0.0003
yahoo,0.0003
pobox36504w45wq,0.0003
txtno,0.0003
ads,0.0003
balance,0.0001
next,0.0007
question,0.0003
sang,0.0001
uptown,0.0001
girl,0.0003
80s,0.0001
answer,0.0006
83600,0.0003
good,0.0004
luck,0.0003
indicate,0.0003
maybe,0.0001
5000,0.0004
compensation,0.0001
accident,0.0003
congratulations,0.0010
vip,0.0001
row,0.0001
tickets,0.0001
blu,0.0003
concert,0.0001
november,0.0001
gift,0.0011
09061104276,0.0001
wwwsmsconet,0.0001
costå£375max,0.0001
44,0.0001
7732584351,0.0001
do,0.0009
3510i,0.0003
deliveredtomorrow,0.0003
300,0.0004
minutes,0.0003
any,0.0007
boltblue,0.0001
poly,0.0013
mono,0.0003
poly3,0.0001
cha,0.0003
slide,0.0001
yeah,0.0001
slow,0.0001
jamz,0.0001
6,0.0004
toxic,0.0001
8,0.0001
come,0.0003
74355,0.0001
xmas,0.0004
iscoming,0.0001
either,0.0004
cd,0.0006
vouchers,0.0011
å£100,0.0010
weekly,0.0010
music,0.0007
87066,0.0006
tnc,0.0001
newest,0.0001
ûïharry,0.0001
potter,0.0001
order,0.0007
phoenix,0.0001
book,0.0003
harry,0.0001
questions,0.0003
first,0.0003
among,0.0001
readers,0.0001
dorothykiefercom,0.0001
bank,0.0001
granite,0.0001
issues,0.0001
strongbuy,0.0001
explosive,0.0001
pick,0.0001
members,0.0001
over,0.0004
nasdaq,0.0001
symbol,0.0001
cdgt,0.0001
oranges,0.0003
mobiles,0.0010
weekend,0.0007
upd8,0.0003
freefone,0.0006
08000839402,0.0006
2stoptx,0.0001
being,0.0001
ripped,0.0001
off,0.0001
content,0.0007
wwwclubmobycom,0.0001
08717509990,0.0001
polytruepixringtonesgames,0.0001
downloads,0.0001
choose,0.0006
videos,0.0001
smsshsexnetun,0.0001
fgkslpopw,0.0001
fgkslpo,0.0001
people,0.0004
area,0.0010
09090204448,0.0001
like,0.0006
minded,0.0001
guys,0.0007
not,0.0011
arrange,0.0003
yourself,0.0001
evening,0.0001
aå£150,0.0001
minapn,0.0001
ls278bb,0.0001
wow,0.0001
cam,0.0003
moby,0.0003
hot,0.0004
chatim,0.0001
w8in,0.0001
4utxt,0.0001
rply,0.0004
82242,0.0004
hlp,0.0003
08712317606,0.0003
msg150p,0.0003
2rcv,0.0003
upto,0.0001
12mths,0.0001
12price,0.0001
linerental,0.0004
xnet,0.0001
mins100txtmth,0.0001
btooth,0.0001
2optoutd3wv,0.0001
lions,0.0001
england,0.0003
lionm,0.0001
lionp,0.0001
wwwringtonescouk,0.0003
original,0.0003
best,0.0004
3gbp,0.0003
rates,0.0006
donate,0.0003
unicefs,0.0001
asian,0.0001
tsunami,0.0001
disaster,0.0001
support,0.0001
fund,0.0001
texting,0.0001
864233,0.0001
added,0.0001
amy,0.0001
sending,0.0001
number,0.0011
couple,0.0001
which,0.0007
give,0.0006
an,0.0011
access,0.0004
adult,0.0004
parties,0.0001
club,0.0007
uk,0.0007
singles,0.0004
chart,0.0001
each,0.0004
quality,0.0001
charge,0.0006
vodafone,0.0004
numbers,0.0006
ending,0.0006
4882,0.0001
å£350,0.0010
award,0.0017
matches,0.0007
09064019014,0.0001
httptms,0.0003
widelivecomindex,0.0003
wmlid820554ad0a1705572711firsttrueåác,0.0001
ringtoneåá,0.0001
thanks,0.0006
reference,0.0001
t91,0.0001
charged,0.0004
gbp,0.0001
unsubscribe,0.0010
anytime,0.0001
calling,0.0003
services,0.0009
09057039994,0.0001
still,0.0006
09061702893,0.0001
sorry,0.0001
yet,0.0003
package,0.0001
min,0.0010
term,0.0001
54,0.0001
pls,0.0007
resubmit,0.0001
request,0.0001
after,0.0006
expiry,0.0001
themob,0.0003
help,0.0014
t,0.0009
cs,0.0007
visit,0.0009
80488biz,0.0001
where,0.0001
2006,0.0001
fifa,0.0001
world,0.0001
cup,0.0006
held,0.0001
87239,0.0001
annoncement,0.0001
years,0.0004
waiting,0.0013
07046744435,0.0001
2stoptxt,0.0001
think,0.0003
smart,0.0001
å£200,0.0007
quiz,0.0010
play,0.0011
85222,0.0001
nowtcs,0.0001
winnersclub,0.0001
box,0.0021
84,0.0001
m26,0.0001
3uz,0.0001
gbp150week,0.0001
am,0.0003
fink,0.0001
met,0.0001
b,0.0006
leave,0.0001
2day,0.0001
wiv,0.0001
09099726553,0.0001
promised,0.0001
carlie,0.0001
x,0.0007
callså£1minmobsmore,0.0001
lkpobox177hp51fl,0.0001
picture,0.0001
also,0.0003
httpalto18coukwavewaveaspo44345,0.0001
word,0.0010
collect,0.0016
ibhltd,0.0001
ldnw15h,0.0001
150pmtmsgrcvd18,0.0001
121,0.0003
60pmin,0.0001
connect,0.0001
09094646899,0.0001
cheap,0.0001
biggest,0.0003
vu,0.0001
bcm1896wc1n3xx,0.0001
announcement,0.0003
freephone,0.0001
0800,0.0004
542,0.0001
0825,0.0001
money,0.0001
wedding,0.0001
lingerie,0.0001
wwwbridalpetticoatdreamscouk,0.0001
superb,0.0001
selection,0.0004
brought,0.0003
weddingfriend,0.0001
romcapspam,0.0001
everyone,0.0001
around,0.0003
should,0.0003
responding,0.0001
presence,0.0001
since,0.0003
warm,0.0001
outgoing,0.0001
bringing,0.0001
breath,0.0001
sunshine,0.0007
httpwwwetlpcoukexpressoffer,0.0003
apply2,0.0001
80062,0.0004
shop,0.0003
till,0.0001
drop,0.0001
it,0.0017
10k,0.0001
5k,0.0001
travel,0.0001
09064011000,0.0001
ntt,0.0007
cr01327bt,0.0001
fixedline,0.0001
vary,0.0003
going,0.0001
bahamas,0.0003
callfreefone,0.0001
08081560665,0.0001
cruise,0.0001
ofå£2000,0.0001
18only,0.0001
07786200117,0.0001
congrats,0.0003
3650,0.0001
09066382422,0.0001
3mins,0.0001
close,0.0003
300603,0.0001
post,0.0003
bcm4284,0.0001
ldn,0.0007
wc1n3xx,0.0003
goal,0.0003
arsenal,0.0003
henry,0.0003
7,0.0001
v,0.0001
liverpool,0.0003
scores,0.0001
simple,0.0001
shot,0.0001
yards,0.0001
pass,0.0001
bergkamp,0.0001
margin,0.0001
78,0.0001
pound,0.0003
08712402050,0.0001
before,0.0004
lines,0.0001
10ppm,0.0001
tcs,0.0014
ag,0.0001
promo,0.0001
private,0.0006
2003,0.0004
statement,0.0006
800,0.0004
unredeemed,0.0006
points,0.0006
08718738002,0.0001
identifier,0.0006
48922,0.0001
expires,0.0006
211104,0.0001
4mths,0.0004
mobilesdirect,0.0004
08000938767,0.0004
or2stoptxt,0.0004
reality,0.0003
fantasy,0.0004
show,0.0003
08707509020,0.0004
20p,0.0006
ltd,0.0011
1327,0.0006
croydon,0.0006
cr9,0.0006
5wb,0.0006
valentines,0.0001
paris,0.0004
flight,0.0001
hotel,0.0001
69101,0.0001
wwwrtfsphostingcom,0.0001
great,0.0006
news,0.0006
08006344447,0.0003
ringtonefrom,0.0001
wmlid1b6a5ecef91ff937819firsttrue180430jul05,0.0001
2004,0.0004
must,0.0003
89545,0.0003
å£1,0.0003
www4tcbiz,0.0003
2optout,0.0003
08718726270150gbpmtmsg18,0.0003
txtauction,0.0003
most,0.0001
sparkling,0.0001
shopping,0.0007
breaks,0.0001
45,0.0001
person,0.0001
0121,0.0001
2025050,0.0001
wwwshortbreaksorguk,0.0001
received,0.0003
enjoy,0.0006
youve,0.0004
tkts,0.0004
euro2004,0.0003
09058099801,0.0003
b4190604,0.0003
pobox,0.0007
7876150ppm,0.0003
hmv,0.0004
special,0.0004
genuine,0.0001
easy,0.0007
infowww100percentrealcom,0.0001
worth,0.0009
85023,0.0004
savamob,0.0006
member,0.0004
offers,0.0006
08717898035,0.0003
å£300,0.0004
sub,0.0004
wkly,0.0013
spree,0.0006
80878,0.0001
wwwtxt2shopcom,0.0001
08715705022,0.0001
1x150pwk,0.0001
star,0.0001
ibiza,0.0003
å£10000,0.0004
needs,0.0001
09066364349,0.0001
landline,0.0017
lose,0.0001
box434sk38wp150ppm18,0.0001
200,0.0001
08717895698,0.0001
mobstorequiz10ppm,0.0001
087104711148,0.0001
10p,0.0007
minute,0.0004
btnationalrate,0.0004
lastest,0.0001
stereophonics,0.0001
marley,0.0001
dizzee,0.0001
racal,0.0001
libertines,0.0001
strokes,0.0001
nookii,0.0001
games,0.0007
flirt,0.0001
click,0.0001
wap,0.0007
bookmark,0.0001
82468,0.0001
unclaimed,0.0001
09066368327,0.0001
closingdate040902,0.0001
claimcode,0.0001
m39m51,0.0001
å£150pmmorefrommobile2bremovedmobypobox734ls27yf,0.0001
08712402902,0.0001
immediately,0.0003
as,0.0016
there,0.0007
one,0.0006
registered,0.0004
subscribers,0.0001
enter,0.0003
gb,0.0001
replying,0.0006
q,0.0004
sony,0.0007
dvd,0.0007
country,0.0004
algarve,0.0003
ansr,0.0004
82277,0.0006
sptyrone,0.0004
comp,0.0004
fa,0.0003
21st,0.0001
may,0.0003
2005,0.0001
questionstd,0.0001
ratetcs,0.0001
08452810075over18s,0.0001
textbuddy,0.0003
horny,0.0004
25p,0.0006
search,0.0003
postcode,0.0003
gaytextbuddycom,0.0003
name,0.0004
89693,0.0003
08715500022,0.0001
rpl,0.0001
cnl,0.0001
subscriber,0.0001
yr,0.0006
entered,0.0003
receipt,0.0001
correct,0.0003
ans,0.0003
olympics,0.0001
hungry,0.0003
gay,0.0003
feeling,0.0001
08718730555,0.0001
08712460324,0.0001
09064017295,0.0001
k52,0.0003
pm,0.0003
burger,0.0003
king,0.0003
footy,0.0001
stadium,0.0001
sept,0.0003
large,0.0001
super,0.0004
cocacola,0.0001
walk,0.0001
02,0.0001
find,0.0009
garden,0.0003
summer,0.0009
bulbs,0.0003
seeds,0.0003
å£3350,0.0003
scotsman,0.0003
saturday,0.0004
go2,0.0003
notxtcouk,0.0003
matthew,0.0001
09063440451,0.0001
4lux,0.0001
tenerife,0.0007
ppm150,0.0001
box334,0.0001
inclusive,0.0003
credits,0.0006
gotto,0.0001
wwwcomuknet,0.0004
login,0.0004
3qxj9,0.0004
extra,0.0006
08702840625,0.0001
comuk220cm2,0.0001
9ae,0.0004
87131,0.0006
true,0.0004
0845,0.0001
2814032,0.0001
3xå£150pw,0.0001
eå£nd,0.0001
further,0.0001
mix,0.0003
see,0.0004
mytonecomenjoy,0.0001
html,0.0001
terms,0.0003
gbp450week,0.0001
mfl,0.0001
funk,0.0001
fone,0.0003
tones2u,0.0001
offerthe,0.0001
nokia6650,0.0001
start,0.0004
81151,0.0001
4tctxt,0.0001
150pmtmsg,0.0001
09061749602,0.0001
528,0.0001
hp20,0.0001
1yf,0.0001
realize,0.0001
40,0.0001
thousands,0.0001
old,0.0001
ladies,0.0003
running,0.0001
tattoos,0.0001
forget,0.0003
place,0.0003
requests,0.0001
1stchoicecouk,0.0001
08707808226,0.0001
mila,0.0001
age23,0.0001
blonde,0.0001
look,0.0001
fun,0.0007
mtalk,0.0001
6986618,0.0001
30pptxt,0.0001
5free,0.0001
increments,0.0001
help08718728876,0.0001
recorder,0.0001
canname,0.0001
capital,0.0001
australia,0.0001
mquiz,0.0001
official,0.0003
flag,0.0003
yer,0.0001
tonights,0.0001
84199,0.0001
optout,0.0003
eng,0.0001
box39822,0.0001
w111wx,0.0001
loan,0.0003
purpose,0.0001
å£75000,0.0001
homeowners,0.0001
tenants,0.0001
welcome,0.0004
previously,0.0001
refused,0.0003
1956669,0.0001
back,0.0009
secret,0.0004
admirer,0.0004
looking,0.0004
make,0.0004
ufind,0.0003
rreveal,0.0003
thinks,0.0004
specialcall,0.0003
09058094599,0.0001
marvel,0.0001
ultimate,0.0001
spiderman,0.0001
å£450,0.0001
right,0.0001
spider,0.0001
83338,0.0001
ll,0.0001
8ball,0.0001
wallpaper,0.0001
3g,0.0001
videophones,0.0001
09063458130,0.0001
videochat,0.0001
wid,0.0001
mates,0.0003
java,0.0001
dload,0.0001
polyph,0.0001
noline,0.0001
rentl,0.0001
bx420,0.0001
ip4,0.0001
5we,0.0001
include,0.0001
1mcflyall,0.0001
ab,0.0001
sara,0.0001
jorgeshock,0.0001
smithswitch,0.0001
follow,0.0001
instructions,0.0001
city,0.0003
break,0.0003
could,0.0003
store,0.0003
88039skilgmetscs087147403231winawkage16å£150perwksub,0.0001
08715203656,0.0001
42049,0.0001
261004,0.0001
smsservices,0.0001
yourinclusive,0.0001
goto,0.0004
08702840625comuk,0.0003
220cm2,0.0003
bangbabes,0.0001
way,0.0001
download,0.0001
bangb,0.0001
tv,0.0006
internetservice,0.0001
menu,0.0001
computer,0.0003
randomly,0.0001
picked,0.0003
loyal,0.0001
customers,0.0001
09066380611,0.0001
rct,0.0001
thnq,0.0001
adrian,0.0001
rgds,0.0001
vatian,0.0001
bluetooth,0.0004
headset,0.0001
simply,0.0003
adp,0.0001
sptv,0.0003
jersey,0.0001
devils,0.0001
detroit,0.0001
red,0.0001
wings,0.0001
ice,0.0001
hockey,0.0001
incorrect,0.0001
cashbalance,0.0004
currently,0.0004
maximize,0.0004
cashin,0.0004
150pmsg,0.0007
cc,0.0004
08718720201,0.0003
11414,0.0003
tcrw1,0.0003
unsubscribed,0.0001
tons,0.0001
babes,0.0001
hunks,0.0001
straight,0.0001
httpgotbabescouk,0.0001
subscriptions,0.0001
07808247860,0.0001
08719899229,0.0001
40411,0.0001
061104,0.0001
08712402972,0.0001
125gift,0.0003
resent,0.0001
previous,0.0001
failed,0.0001
error,0.0001
queries,0.0001
customersqueriesnetvisionukcom,0.0001
wont,0.0004
believe,0.0003
but,0.0004
its,0.0009
incredible,0.0003
g,0.0004
learn,0.0003
truly,0.0004
amazing,0.0003
things,0.0003
blow,0.0003
mind,0.0003
o2fwd,0.0003
18ptxt,0.0003
germany,0.0001
pence,0.0001
fixed,0.0001
via,0.0001
0844,0.0001
861,0.0001
85,0.0003
prepayment,0.0001
wwwtelediscountcouk,0.0001
life,0.0001
never,0.0001
much,0.0001
until,0.0001
came,0.0001
made,0.0001
gbpsms,0.0001
shortly,0.0003
mr,0.0003
foley,0.0003
exciting,0.0004
prizes,0.0003
soon,0.0003
keep,0.0004
eye,0.0003
wwwwin82050couk,0.0003
freemsgfeelin,0.0001
kinda,0.0001
lnly,0.0001
hope,0.0001
company,0.0001
jst,0.0001
pictxt,0.0001
gsex,0.0001
2667,0.0001
wc1n,0.0001
3xx,0.0001
449month,0.0001
bundle,0.0001
deals,0.0001
avble,0.0001
call2optoutj,0.0001
mf,0.0001
were,0.0003
outbid,0.0001
simonwatson5120,0.0001
shinco,0.0001
plyr,0.0001
bid,0.0003
again,0.0001
acsmsrewards,0.0001
notifications,0.0001
subscribed,0.0001
textcomp,0.0001
250,0.0003
wks,0.0003
follows,0.0001
subsequent,0.0001
charged150pmsg2,0.0001
84128custcare,0.0001
fantasies,0.0003
08707500020,0.0001
town,0.0003
meet,0.0001
sipix,0.0003
digital,0.0003
09061221066,0.0003
fromm,0.0003
within,0.0003
28,0.0004
stay,0.0003
british,0.0001
hotels,0.0001
nothing,0.0003
valued,0.0006
dial,0.0001
08712300220,0.0004
bx526,0.0001
sw73ss,0.0001
eastenders,0.0003
flower,0.0003
does,0.0003
dot,0.0003
compare,0.0003
herself,0.0003
d,0.0006
violet,0.0003
e,0.0006
tulip,0.0003
f,0.0007
lily,0.0003
84025,0.0003
wkent150p16,0.0003
pt2,0.0001
txtin,0.0001
tell,0.0004
friends,0.0001
150ptone,0.0001
4info,0.0001
promotion,0.0001
8714714,0.0001
88039,0.0001
skilgme,0.0001
tscs087147403231winawkage16,0.0001
å£150perwksub,0.0001
representative,0.0001
08714712379,0.0001
between,0.0001
10am7pm,0.0001
monthly,0.0001
password,0.0003
mobsicom,0.0001
391784,0.0001
3750,0.0001
brand,0.0001
7250,0.0001
roww1j6hl,0.0003
voda,0.0003
7634,0.0001
match,0.0004
quoting,0.0003
7684,0.0001
standard,0.0003
todayfrom,0.0001
lets,0.0001
other,0.0001
rcvd,0.0003
hgsuite3422landsroww1j6hl,0.0001
hey,0.0001
darling,0.0001
id,0.0001
tb,0.0001
std,0.0001
chgs,0.0001
rcv,0.0001
played,0.0001
mid,0.0001
lots,0.0003
wwwflirtpartyus,0.0001
replys150,0.0001
1month,0.0001
activate,0.0003
smartcall,0.0001
68866,0.0001
subscriptn3gbpwk,0.0001
08448714184,0.0001
stoptxt,0.0001
landlineonly,0.0001
sn,0.0001
pobox202,0.0001
nr31,0.0001
7zs,0.0001
subscription,0.0003
450pw,0.0001
pobox84,0.0001
m263uz,0.0001
subs,0.0001
youre,0.0001
august,0.0003
09066660100,0.0001
2309,0.0001
09058097189,0.0001
ls15hb,0.0001
laugh,0.0001
try,0.0001
chitchat,0.0001
logon,0.0001
txting,0.0003
8883,0.0001
cm,0.0001
4217,0.0001
london,0.0001
w1a,0.0001
6zf,0.0001
118pmsg,0.0001
married,0.0001
women,0.0001
discreet,0.0001
instantly,0.0001
69969,0.0001
bcmsfwc1n3xx,0.0001
wamma,0.0001
laidwant,0.0001
doggin,0.0001
dogs,0.0001
nownyt,0.0001
forwarded,0.0001
21870000hi,0.0001
mailbox,0.0001
messaging,0.0001
alert,0.0001
messages,0.0004
21,0.0001
09056242159,0.0001
retrieve,0.0001
even,0.0001
cashto,0.0001
08000407165,0.0001
getstop,0.0001
88222,0.0001
php,0.0001
sun0819,0.0001
posts,0.0001
helloyou,0.0001
seem,0.0001
cool,0.0001
09061743811,0.0001
abta,0.0003
326,0.0003
cw25wx,0.0004
collected,0.0001
85069,0.0001
verify,0.0001
usher,0.0001
britney,0.0001
fml,0.0001
romantic,0.0001
nights,0.0001
å£79,0.0001
year,0.0001
08704439680tscs,0.0001
httpwwwwtlpcouktext,0.0001
09061743810,0.0001
150,0.0004
ppm,0.0003
tncs,0.0003
wwwldewcom1win150ppmx3age16,0.0003
pleased,0.0001
advise,0.0001
following,0.0001
recent,0.0001
review,0.0001
å£1500,0.0001
09066368470,0.0001
449071512431,0.0001
å£1250,0.0001
09071512433,0.0001
050703,0.0001
tcsbcm4235wc1n3xx,0.0001
callcost,0.0001
mobilesvary,0.0001
natalie,0.0001
20f,0.0001
inviting,0.0003
her,0.0006
friend,0.0004
yes165,0.0001
no165,0.0001
wwwsmsacunatalie2k9,0.0001
frnd,0.0003
62468,0.0003
6months,0.0001
available,0.0001
call2optoutn9dx,0.0001
09066649731from,0.0001
434,0.0001
sk3,0.0001
8wp,0.0001
months,0.0001
co,0.0003
08002986030,0.0001
hack,0.0001
backdoor,0.0001
into,0.0004
rooms,0.0001
fraction,0.0001
neo69,0.0001
09050280520,0.0001
subscribe,0.0001
dps,0.0001
bcm,0.0001
8027,0.0001
thank,0.0001
notified,0.0001
future,0.0003
marketing,0.0001
84122,0.0001
08450542832,0.0001
08708800282,0.0001
okmail,0.0001
dave,0.0001
notice,0.0001
09061743806,0.0001
box326,0.0001
recently,0.0001
unable,0.0001
07090298926,0.0001
reschedule,0.0001
ref9307622,0.0001
cds,0.0001
å£125,0.0001
freeentry,0.0001
xt,0.0001
08718726970,0.0001
alfie,0.0001
moons,0.0001
children,0.0001
song,0.0001
m8s,0.0001
charity,0.0004
nokias,0.0001
polys,0.0004
08701417012,0.0001
profit,0.0001
123,0.0001
competition,0.0003
å£1450,0.0001
09050002311,0.0001
b4280703,0.0001
tcsstop,0.0001
08718727868,0.0001
0870k,0.0001
secured,0.0001
unsecured,0.0001
195,0.0001
6669,0.0001
movie,0.0003
89105,0.0001
films,0.0003
ordered,0.0001
ts,0.0001
yrs,0.0001
netcollex,0.0003
08700621170150p,0.0003
80086,0.0003
wwwtxttowincouk,0.0003
ringtoneget,0.0001
freesend,0.0001
816183,0.0001
weekstop,0.0001
sms08718727870,0.0001
rock,0.0001
chik,0.0001
100s,0.0001
filthy,0.0003
filth,0.0001
69669,0.0001
saristar,0.0001
e14,0.0001
9yt,0.0001
08701752560,0.0001
450p,0.0001
stop2,0.0001
cancel,0.0001
mobs,0.0001
2u,0.0001
title,0.0001
breathe1,0.0001
titles,0.0001
crazyin,0.0001
sleepingwith,0.0001
finest,0.0001
ymca,0.0001
getzedcouk,0.0001
pobox365o4w45wq,0.0001
300p,0.0001
age,0.0004
followed,0.0003
gender,0.0003
wither,0.0001
eg23f,0.0001
men,0.0001
eg23g,0.0001
sppok,0.0001
very,0.0001
call2optoutlf56,0.0001
08718738034,0.0001
0871277810910pmin,0.0001
reveal,0.0003
09065174042,0.0001
recd,0.0001
07821230901,0.0001
07742676969,0.0001
786,0.0001
08719180248,0.0001
45239,0.0001
cashbincouk,0.0001
wwwcashbincouk,0.0001
ever,0.0001
these,0.0003
simpsons,0.0001
released,0.0001
july,0.0001
2007,0.0001
band,0.0001
died,0.0001
film,0.0001
agreen,0.0001
bblue,0.0001
cred,0.0001
str8,0.0001
classic,0.0001
hit,0.0001
nokia150p,0.0001
poly200p,0.0001
single,0.0001
partner,0.0001
nowsend,0.0001
62220cncl,0.0001
stopcs,0.0001
08717890890å£150,0.0001
sexychat,0.0001
them,0.0003
night,0.0004
chatting,0.0001
was,0.0001
020903,0.0001
08718729755,0.0001
box95qu,0.0001
0776xxxxxxx,0.0001
150pmsgrcvdhgsuite3422landsroww1j6hl,0.0003
18yrs,0.0003
0089my,0.0001
four,0.0001
digits,0.0001
09063442151,0.0001
unique,0.0001
enough,0.0001
30th,0.0001
wwwareyouuniquecouk,0.0001
xclusiveclubsaisai,0.0001
2morow,0.0001
285,0.0001
soiree,0.0001
speciale,0.0001
zouk,0.0001
nichols,0.0001
parisfree,0.0001
roses,0.0001
0794674629107880867867,0.0001
begin,0.0001
24m,0.0001
stories,0.0001
wwwgambtv,0.0001
datingi,0.0001
two,0.0001
started,0.0001
sport,0.0003
radio,0.0001
connection,0.0001
coincidence,0.0001
police,0.0001
station,0.0001
toilet,0.0001
stolen,0.0001
cops,0.0001
tbspersolvo,0.0001
chasing,0.0001
us,0.0003
forå£38,0.0001
definitely,0.0001
paying,0.0001
ignore,0.0001
kath,0.0001
manchester,0.0001
gmw,0.0001
connected,0.0001
rayman,0.0001
golf,0.0001
o2,0.0001
arcade,0.0003
settings,0.0001
activ8,0.0001
press,0.0001
0,0.0001
key,0.0001
termsapply,0.0001
2nights,0.0001
wildest,0.0001
contacted,0.0001
becausethey,0.0001
09058098002,0.0001
pobox1,0.0001
w14rg,0.0001
havent,0.0001
replied,0.0001
randy,0.0001
female,0.0001
luv,0.0001
hear,0.0001
88800,0.0001
89034,0.0001
08718711108,0.0001
100603,0.0001
09066368753,0.0001
97n7qp,0.0001
mandy,0.0001
sullivan,0.0001
hotmix,0.0001
fmyou,0.0001
chosen,0.0003
å£500000,0.0001
easter,0.0001
drawplease,0.0001
telephone,0.0001
09041940223,0.0001
290305,0.0001
transferred,0.0001
else,0.0001
087147123779am7pm,0.0001
09066364311,0.0001
class,0.0003
airport,0.0001
lounge,0.0001
passes,0.0001
using,0.0001
08704439680,0.0001
booking,0.0001
quote,0.0001
jamster,0.0001
videosound,0.0001
gold,0.0001
videosounds2,0.0001
logosmusicnews,0.0001
jamstercouk,0.0001
16only,0.0001
09701213186,0.0001
09061790121,0.0001
3030,0.0001
09066612661,0.0001
lux,0.0001
james,0.0001
eh74rr,0.0001
0870737910216yrs,0.0001
å£150wk,0.0001
conditions,0.0001
www07781482378com,0.0001
gent,0.0001
09064012160,0.0001
uûªve,0.0001
bin,0.0001
å£50,0.0001
instant,0.0001
08715203028,0.0001
9th,0.0001
wins,0.0001
å£50å£500,0.0001
sports,0.0003
fans,0.0001
str,0.0001
wwwgetzedcouk,0.0003
0870141701216,0.0001
norm,0.0001
4txt120p,0.0001
takes,0.0001
little,0.0001
child,0.0001
afraid,0.0001
dark,0.0001
become,0.0001
teenager,0.0001
wants,0.0001
lyricalladie21f,0.0001
yes910,0.0001
no910,0.0001
wwwsmsacuhmmross,0.0001
09058094565,0.0001
no1,0.0001
36504,0.0001
w45wq,0.0001
norm150ptone,0.0001
done,0.0001
bloomberg,0.0001
center,0.0001
447797706009,0.0001
wait,0.0001
httpcareers,0.0001
bloombergcom,0.0001
somebody,0.0001
secretly,0.0001
fancies,0.0001
09065394514,0.0001
datebox1282essexcm61xn,0.0001
150pmin,0.0001
å£5month,0.0001
confirm,0.0001
receiving,0.0001
triple,0.0001
echo,0.0001
08712103738,0.0001
football,0.0001
sky,0.0003
gamestar,0.0001
active,0.0001
å£250k,0.0001
dream,0.0001
team,0.0001
scoring,0.0001
starts,0.0001
register,0.0001
nowsky,0.0001
88088,0.0001
1225,0.0001
å£50award,0.0001
3100,0.0001
app,0.0001
09061743386,0.0001
